Total_Loss_Values,Log_Loss_Values
31.808502197265625,3.459733724594116
31.79423713684082,3.459285020828247
31.780046463012695,3.458838701248169
31.765953063964844,3.458395004272461
31.75176429748535,3.4579482078552246
31.737573623657227,3.457501173019409
31.723411560058594,3.457054853439331
31.709274291992188,3.4566092491149902
31.69516372680664,3.4561641216278076
31.68108367919922,3.4557197093963623
31.66710662841797,3.4552783966064453
31.65316390991211,3.4548380374908447
31.6390323638916,3.4543914794921875
31.625051498413086,3.4539496898651123
31.611103057861328,3.4535083770751953
31.597265243530273,3.453070640563965
31.583377838134766,3.4526309967041016
31.569379806518555,3.4521875381469727
31.555618286132812,3.451751708984375
31.541913986206055,3.451317310333252
31.528141021728516,3.450880527496338
31.514177322387695,3.450437545776367
31.500244140625,3.449995279312134
31.486534118652344,3.4495599269866943
31.472858428955078,3.4491255283355713
31.45921516418457,3.4486918449401855
31.445661544799805,3.448261022567749
31.432174682617188,3.4478321075439453
31.418638229370117,3.447401285171509
31.40510368347168,3.4469704627990723
31.39159393310547,3.446540117263794
31.3780517578125,3.44610857963562
31.364503860473633,3.445676803588867
31.351102828979492,3.445249557495117
31.337560653686523,3.444817304611206
31.324337005615234,3.4443953037261963
31.311050415039062,3.4439711570739746
31.297609329223633,3.4435417652130127
31.284339904785156,3.443117618560791
31.27109718322754,3.4426941871643066
31.257883071899414,3.4422717094421387
31.244705200195312,3.441849946975708
31.231433868408203,3.441425085067749
31.218421936035156,3.4410083293914795
31.205381393432617,3.4405906200408936
31.192123413085938,3.4401655197143555
31.179088592529297,3.4397475719451904
31.16611099243164,3.439331293106079
31.153066635131836,3.4389126300811768
31.139991760253906,3.438493013381958
31.127084732055664,3.4380784034729004
31.114303588867188,3.4376676082611084
31.10153579711914,3.4372572898864746
31.088722229003906,3.436845064163208
31.075916290283203,3.4364330768585205
31.063140869140625,3.4360220432281494
31.050395965576172,3.4356114864349365
31.037681579589844,3.43520188331604
31.025001525878906,3.434793472290039
31.012401580810547,3.43438720703125
30.999881744384766,3.433983325958252
30.9873046875,3.433577537536621
30.9747257232666,3.433171510696411
30.962181091308594,3.4327664375305176
30.949703216552734,3.432363510131836
30.937284469604492,3.431962013244629
30.924694061279297,3.4315550327301025
30.912273406982422,3.4311532974243164
30.89997673034668,3.430755376815796
30.8876895904541,3.4303576946258545
30.875362396240234,3.4299585819244385
30.863037109375,3.4295592308044434
30.850738525390625,3.4291605949401855
30.83847427368164,3.4287631511688232
30.826234817504883,3.428366184234619
30.81403160095215,3.4279701709747314
30.801876068115234,3.4275755882263184
30.789840698242188,3.427184820175171
30.77754783630371,3.426785469055176
30.76545524597168,3.4263925552368164
30.753236770629883,3.425995349884033
30.741207122802734,3.4256041049957275
30.72926902770996,3.425215482711792
30.717145919799805,3.424820899963379
30.705055236816406,3.4244272708892822
30.693180084228516,3.4240405559539795
30.681396484375,3.423656463623047
30.66953468322754,3.423269748687744
30.657672882080078,3.4228830337524414
30.645837783813477,3.422496795654297
30.6340274810791,3.4221115112304688
30.622249603271484,3.421726942062378
30.610496520996094,3.4213430881500244
30.598777770996094,3.420959949493408
30.587175369262695,3.4205808639526367
30.575315475463867,3.4201929569244385
30.563682556152344,3.4198124408721924
30.55205726623535,3.4194319248199463
30.540258407592773,3.4190456867218018
30.528770446777344,3.4186694622039795
30.51725196838379,3.4182920455932617
30.505598068237305,3.417910099029541
30.494003295898438,3.417530059814453
30.482654571533203,3.4171578884124756
30.471267700195312,3.4167842864990234
30.459857940673828,3.416409730911255
30.44846534729004,3.4160356521606445
30.437095642089844,3.4156620502471924
30.425756454467773,3.4152894020080566
30.414440155029297,3.414917469024658
30.403154373168945,3.414546251296997
30.391780853271484,3.4141721725463867
30.380659103393555,3.413806200027466
30.36947250366211,3.413437843322754
30.35828971862793,3.413069725036621
30.347118377685547,3.4127016067504883
30.33599090576172,3.41233491897583
30.32495880126953,3.411971092224121
30.31387710571289,3.4116055965423584
30.30268096923828,3.41123628616333
30.291492462158203,3.4108669757843018
30.280593872070312,3.4105069637298584
30.269641876220703,3.4101452827453613
30.258533477783203,3.409778356552124
30.24738883972168,3.409409761428833
30.236461639404297,3.409048557281494
30.225563049316406,3.4086880683898926
30.214693069458008,3.4083282947540283
30.20384979248047,3.4079694747924805
30.193077087402344,3.4076125621795654
30.18238067626953,3.4072582721710205
30.171497344970703,3.406897783279419
30.16073989868164,3.406541109085083
30.150005340576172,3.4061851501464844
30.139326095581055,3.4058308601379395
30.128721237182617,3.4054789543151855
30.11807632446289,3.405125617980957
30.107454299926758,3.4047727584838867
30.096904754638672,3.4044222831726074
30.086307525634766,3.4040701389312744
30.075767517089844,3.403719663619995
30.065223693847656,3.403369188308716
30.054698944091797,3.4030189514160156
30.04400634765625,3.402663230895996
30.03352928161621,3.4023144245147705
30.023082733154297,3.4019665718078613
30.012659072875977,3.4016191959381104
30.002334594726562,3.401275157928467
29.992048263549805,3.4009323120117188
29.981708526611328,3.400587558746338
29.97137451171875,3.400242805480957
29.9610595703125,3.3998985290527344
29.950815200805664,3.3995566368103027
29.940412521362305,3.3992092609405518
29.9301815032959,3.39886736869812
29.919973373413086,3.398526191711426
29.90973472595215,3.398184061050415
29.89965057373047,3.3978466987609863
29.88951873779297,3.397507905960083
29.879379272460938,3.3971686363220215
29.869272232055664,3.3968303203582764
29.859180450439453,3.3964922428131104
29.848831176757812,3.3961455821990967
29.838790893554688,3.3958091735839844
29.828794479370117,3.3954741954803467
29.818904876708984,3.3951425552368164
29.808778762817383,3.394803047180176
29.79883575439453,3.3944692611694336
29.78870391845703,3.3941292762756348
29.778797149658203,3.393796682357788
29.769001007080078,3.393467664718628
29.759145736694336,3.393136501312256
29.749313354492188,3.392806053161621
29.739532470703125,3.39247727394104
29.729856491088867,3.3921518325805664
29.720121383666992,3.391824245452881
29.71036720275879,3.391495943069458
29.700485229492188,3.3911633491516113
29.690767288208008,3.390836238861084
29.681074142456055,3.390509605407715
29.671398162841797,3.390183448791504
29.661754608154297,3.3898584842681885
29.65204620361328,3.389531135559082
29.642539978027344,3.3892104625701904
29.63297462463379,3.388887643814087
29.623403549194336,3.3885648250579834
29.613855361938477,3.388242244720459
29.6043701171875,3.3879220485687256
29.594932556152344,3.3876030445098877
29.585460662841797,3.3872830867767334
29.57600975036621,3.3869636058807373
29.566530227661133,3.3866429328918457
29.557056427001953,3.386322498321533
29.547672271728516,3.38600492477417
29.538291931152344,3.3856873512268066
29.5289306640625,3.3853704929351807
29.519588470458984,3.385054111480713
29.510271072387695,3.3847384452819824
29.500974655151367,3.38442325592041
29.491727828979492,3.3841097354888916
29.48257827758789,3.3837995529174805
29.473247528076172,3.3834829330444336
29.464038848876953,3.3831706047058105
29.45484161376953,3.3828582763671875
29.4456787109375,3.38254714012146
29.43661117553711,3.3822391033172607
29.42728614807129,3.3819222450256348
29.418182373046875,3.38161301612854
29.409151077270508,3.3813059329986572
29.400209426879883,3.3810017108917236
29.390979766845703,3.380687713623047
29.381938934326172,3.380380153656006
29.3729190826416,3.380073070526123
29.363922119140625,3.3797667026519775
29.35480308532715,3.3794562816619873
29.34584617614746,3.3791511058807373
29.336917877197266,3.3788466453552246
29.32810401916504,3.3785462379455566
29.31927490234375,3.3782451152801514
29.31041145324707,3.3779428005218506
29.30154800415039,3.3776402473449707
29.29256248474121,3.377333641052246
29.283838272094727,3.3770358562469482
29.275056838989258,3.3767359256744385
29.26629066467285,3.376436471939087
29.257572174072266,3.37613844871521
29.24881362915039,3.3758389949798584
29.240137100219727,3.375542402267456
29.231435775756836,3.375244617462158
29.222745895385742,3.3749473094940186
29.214078903198242,3.374650716781616
29.205432891845703,3.374354839324951
29.196805953979492,3.3740592002868652
29.18805694580078,3.3737595081329346
29.179533004760742,3.373467445373535
29.171066284179688,3.3731772899627686
29.162532806396484,3.372884750366211
29.15399742126465,3.372591972351074
29.145479202270508,3.372299909591675
29.137020111083984,3.372009515762329
29.128467559814453,3.371716022491455
29.120019912719727,3.3714258670806885
29.111591339111328,3.371136426925659
29.10327911376953,3.3708508014678955
29.09496307373047,3.370565176010132
29.08659553527832,3.3702774047851562
29.078222274780273,3.3699896335601807
29.069873809814453,3.3697023391723633
29.061542510986328,3.369415760040283
29.053232192993164,3.3691296577453613
29.044940948486328,3.3688442707061768
29.036508560180664,3.368553876876831
29.02822494506836,3.3682687282562256
29.0200138092041,3.367985725402832
29.011796951293945,3.3677024841308594
29.003589630126953,3.367419719696045
28.995437622070312,3.367138385772705
28.98714256286621,3.366852283477783
28.979005813598633,3.3665716648101807
28.97068977355957,3.3662846088409424
28.962682723999023,3.3660082817077637
28.954538345336914,3.365726947784424
28.94647789001465,3.365448474884033
28.93841552734375,3.3651700019836426
28.930171966552734,3.364885091781616
28.922143936157227,3.364607572555542
28.914140701293945,3.364330768585205
28.90615463256836,3.3640544414520264
28.898225784301758,3.3637802600860596
28.89038848876953,3.363508939743042
28.88248634338379,3.3632354736328125
28.874561309814453,3.3629610538482666
28.866657257080078,3.362687110900879
28.858806610107422,3.362415313720703
28.85101318359375,3.362145185470581
28.84303092956543,3.361868381500244
28.835216522216797,3.3615975379943848
28.827518463134766,3.361330509185791
28.819656372070312,3.361057758331299
28.811752319335938,3.360783338546753
28.803985595703125,3.360513687133789
28.796236038208008,3.3602447509765625
28.78850555419922,3.359976291656494
28.780794143676758,3.359708309173584
28.77296257019043,3.35943603515625
28.765344619750977,3.3591713905334473
28.75779151916504,3.3589086532592773
28.75016975402832,3.3586437702178955
28.742393493652344,3.3583731651306152
28.734580993652344,3.3581013679504395
28.727052688598633,3.357839345932007
28.719520568847656,3.357577085494995
28.71197509765625,3.357314348220825
28.704469680786133,3.357052803039551
28.697071075439453,3.356795072555542
28.689472198486328,3.35653018951416
28.681978225708008,3.356268882751465
28.674497604370117,3.3560080528259277
28.667034149169922,3.355747938156128
28.659587860107422,3.3554880619049072
28.652162551879883,3.355228900909424
28.644760131835938,3.3549704551696777
28.637481689453125,3.3547163009643555
28.630159378051758,3.3544607162475586
28.622812271118164,3.354203939437866
28.615463256835938,3.353947162628174
28.6081485748291,3.353691577911377
28.600919723510742,3.3534388542175293
28.59363555908203,3.353184223175049
28.586166381835938,3.3529229164123535
28.57878875732422,3.3526647090911865
28.5716552734375,3.352415084838867
28.564435958862305,3.3521623611450195
28.55721664428711,3.351909637451172
28.550012588500977,3.3516573905944824
28.54282569885254,3.351405620574951
28.53565788269043,3.3511545658111572
28.528364181518555,3.3508987426757812
28.52128791809082,3.3506507873535156
28.5142765045166,3.350404977798462
28.507192611694336,3.350156545639038
28.50009536743164,3.349907398223877
28.493017196655273,3.349658966064453
28.485836029052734,3.3494069576263428
28.478830337524414,3.34916090965271
28.47167205810547,3.348909616470337
28.46470832824707,3.3486649990081787
28.457843780517578,3.348423719406128
28.45050811767578,3.348165988922119
28.443538665771484,3.347921133041382
28.436582565307617,3.3476765155792236
28.429502487182617,3.3474273681640625
28.422584533691406,3.347184181213379
28.415538787841797,3.3469362258911133
28.408681869506836,3.3466947078704834
28.401933670043945,3.3464572429656982
28.39510726928711,3.346216917037964
28.388267517089844,3.345975875854492
28.381437301635742,3.3457353115081787
28.37466049194336,3.345496416091919
28.367931365966797,3.345259428024292
28.361164093017578,3.3450207710266113
28.354419708251953,3.344782829284668
28.347795486450195,3.3445491790771484
28.341121673583984,3.344313859939575
28.334407806396484,3.3440768718719482
28.32769775390625,3.3438401222229004
28.321001052856445,3.3436036109924316
28.31432342529297,3.3433678150177
28.307659149169922,3.343132495880127
28.301021575927734,3.342897891998291
28.29450798034668,3.342667818069458
28.287940979003906,3.342435598373413
28.281349182128906,3.342202663421631
28.274757385253906,3.3419694900512695
28.268068313598633,3.3417327404022217
28.26138687133789,3.341496467590332
28.254852294921875,3.3412652015686035
28.248136520385742,3.3410274982452393
28.24160385131836,3.3407962322235107
28.235031127929688,3.3405635356903076
28.228418350219727,3.340329170227051
28.221939086914062,3.340099573135376
28.215476989746094,3.3398706912994385
28.209035873413086,3.339642286300659
28.20260238647461,3.339414358139038
28.196197509765625,3.3391871452331543
28.189910888671875,3.3389642238616943
28.183582305908203,3.3387396335601807
28.177223205566406,3.3385138511657715
28.170860290527344,3.3382880687713623
28.164541244506836,3.3380637168884277
28.158287048339844,3.337841749191284
28.151987075805664,3.337617874145508
28.14569854736328,3.3373944759368896
28.1395263671875,3.337175130844116
28.133338928222656,3.3369553089141846
28.12689208984375,3.336726188659668
28.12064552307129,3.3365039825439453
28.11440658569336,3.336282253265381
28.108190536499023,3.3360610008239746
28.10178565979004,3.3358330726623535
28.095319747924805,3.3356029987335205
28.089250564575195,3.3353869915008545
28.083152770996094,3.335169792175293
28.077014923095703,3.334951162338257
28.070676803588867,3.3347253799438477
28.064577102661133,3.334508180618286
28.05854606628418,3.3342933654785156
28.052467346191406,3.3340766429901123
28.04640007019043,3.333860397338867
28.04045867919922,3.333648443222046
28.034339904785156,3.333430290222168
28.02817153930664,3.3332102298736572
28.022138595581055,3.3329949378967285
28.01612663269043,3.332780361175537
28.009981155395508,3.3325610160827637
28.003995895385742,3.3323471546173096
27.99803352355957,3.332134246826172
27.9921932220459,3.331925630569458
27.98630142211914,3.3317151069641113
27.980377197265625,3.331503391265869
27.974451065063477,3.331291675567627
27.968584060668945,3.3310818672180176
27.96276092529297,3.330873727798462
27.95689582824707,3.3306639194488525
27.950862884521484,3.3304481506347656
27.94514274597168,3.3302433490753174
27.939355850219727,3.3300364017486572
27.933530807495117,3.3298277854919434
27.927715301513672,3.3296196460723877
27.921911239624023,3.329411745071411
27.916122436523438,3.3292043209075928
27.9101505279541,3.3289904594421387
27.9044246673584,3.3287851810455322
27.898801803588867,3.3285837173461914
27.89309310913086,3.3283791542053223
27.88736915588379,3.328173875808716
27.881654739379883,3.3279688358306885
27.876041412353516,3.3277676105499268
27.870386123657227,3.3275647163391113
27.864728927612305,3.327361583709717
27.8591365814209,3.3271610736846924
27.853622436523438,3.326962947845459
27.84786605834961,3.326756238937378
27.842241287231445,3.326554298400879
27.836627960205078,3.326352596282959
27.831029891967773,3.3261516094207764
27.8254451751709,3.325950860977173
27.819881439208984,3.3257508277893066
27.81427574157715,3.325549364089966
27.808378219604492,3.3253374099731445
27.802858352661133,3.325138807296753
27.797332763671875,3.3249399662017822
27.791854858398438,3.3247430324554443
27.786436080932617,3.3245480060577393
27.78096580505371,3.3243510723114014
27.775522232055664,3.32415509223938
27.770004272460938,3.3239564895629883
27.764616012573242,3.3237624168395996
27.75918197631836,3.3235666751861572
27.753753662109375,3.323371171951294
27.748199462890625,3.3231709003448486
27.742801666259766,3.3229763507843018
27.73721694946289,3.32277512550354
27.731903076171875,3.3225834369659424
27.726654052734375,3.3223941326141357
27.72132682800293,3.32220196723938
27.715984344482422,3.322009325027466
27.71066665649414,3.321817398071289
27.705446243286133,3.321629047393799
27.70016098022461,3.3214383125305176
27.694684982299805,3.3212404251098633
27.689525604248047,3.321054220199585
27.684206008911133,3.320862054824829
27.6789608001709,3.3206725120544434
27.673715591430664,3.3204829692840576
27.66848373413086,3.32029390335083
27.663265228271484,3.3201053142547607
27.657861709594727,3.3199100494384766
27.6527042388916,3.319723606109619
27.64764976501465,3.3195407390594482
27.64251136779785,3.319354772567749
27.637344360351562,3.3191678524017334
27.6321964263916,3.318981647491455
27.627016067504883,3.3187942504882812
27.62176513671875,3.318603992462158
27.616670608520508,3.3184196949005127
27.611669540405273,3.3182384967803955
27.606679916381836,3.3180577754974365
27.60161781311035,3.3178744316101074
27.596546173095703,3.31769061088562
27.591489791870117,3.317507266998291
27.58644676208496,3.317324638366699
27.5814151763916,3.3171422481536865
27.576433181762695,3.3169615268707275
27.571407318115234,3.316779375076294
27.56644058227539,3.316599130630493
27.561107635498047,3.3164055347442627
27.556129455566406,3.316225051879883
27.551267623901367,3.3160486221313477
27.54632568359375,3.315869092941284
27.54140281677246,3.315690517425537
27.536392211914062,3.3155083656311035
27.531415939331055,3.3153276443481445
27.526519775390625,3.3151497840881348
27.521621704101562,3.314971923828125
27.51673126220703,3.3147943019866943
27.511856079101562,3.314617156982422
27.506994247436523,3.3144402503967285
27.502195358276367,3.314265727996826
27.497474670410156,3.314094066619873
27.49266815185547,3.3139193058013916
27.487842559814453,3.313743829727173
27.48284149169922,3.3135619163513184
27.47813606262207,3.3133907318115234
27.473167419433594,3.3132097721099854
27.46840476989746,3.3130364418029785
27.463573455810547,3.3128604888916016
27.458751678466797,3.312685012817383
27.45401382446289,3.3125123977661133
27.449277877807617,3.3123397827148438
27.444414138793945,3.3121626377105713
27.439701080322266,3.311990976333618
27.435009002685547,3.3118197917938232
27.43039321899414,3.3116517066955566
27.42581558227539,3.3114848136901855
27.42116355895996,3.3113150596618652
27.416501998901367,3.311145067214966
27.411884307861328,3.31097674369812
27.407325744628906,3.3108103275299072
27.4027156829834,3.3106420040130615
27.397998809814453,3.31046986579895
27.393543243408203,3.310307264328003
27.388988494873047,3.310141086578369
27.3844051361084,3.30997371673584
27.37982749938965,3.3098065853118896
27.375263214111328,3.3096396923065186
27.370513916015625,3.3094663619995117
27.36583709716797,3.309295415878296
27.36142921447754,3.3091342449188232
27.35696792602539,3.3089711666107178
27.35246467590332,3.3088066577911377
27.34796142578125,3.3086419105529785
27.34354019165039,3.3084802627563477
27.338821411132812,3.308307647705078
27.334367752075195,3.3081448078155518
27.329994201660156,3.3079848289489746
27.325668334960938,3.307826519012451
27.321245193481445,3.307664632797241
27.316816329956055,3.307502508163452
27.312395095825195,3.307340621948242
27.307729721069336,3.3071699142456055
27.303194046020508,3.3070037364959717
27.298847198486328,3.306844472885132
27.29460334777832,3.3066890239715576
27.290117263793945,3.3065245151519775
27.28555679321289,3.3063573837280273
27.281211853027344,3.3061983585357666
27.276775360107422,3.3060355186462402
27.2724609375,3.305877447128296
27.26801872253418,3.3057146072387695
27.26384162902832,3.3055613040924072
27.25962257385254,3.3054065704345703
27.255346298217773,3.3052496910095215
27.25106430053711,3.3050925731658936
27.246797561645508,3.304935932159424
27.242538452148438,3.3047797679901123
27.238296508789062,3.30462384223938
27.2341251373291,3.3044707775115967
27.23000717163086,3.3043196201324463
27.22580909729004,3.3041653633117676
27.221599578857422,3.3040108680725098
27.217416763305664,3.3038570880889893
27.213314056396484,3.303706407546997
27.209150314331055,3.303553342819214
27.204803466796875,3.303393602371216
27.200782775878906,3.303245782852173
27.196699142456055,3.303095579147339
27.192562103271484,3.302943468093872
27.188426971435547,3.3027913570404053
27.184162139892578,3.3026344776153564
27.180049896240234,3.302483320236206
27.175954818725586,3.302332639694214
27.171934127807617,3.302184581756592
27.167951583862305,3.3020379543304443
27.163898468017578,3.301888942718506
27.159832000732422,3.30173921585083
27.155452728271484,3.3015778064727783
27.151351928710938,3.301426887512207
27.147327423095703,3.301278591156006
27.143192291259766,3.30112624168396
27.139177322387695,3.300978422164917
27.135225296020508,3.300832748413086
27.131223678588867,3.300685167312622
27.127229690551758,3.3005380630493164
27.123046875,3.3003838062286377
27.119077682495117,3.3002374172210693
27.115121841430664,3.300091505050659
27.111270904541016,3.2999496459960938
27.107402801513672,3.299806833267212
27.103485107421875,3.2996623516082764
27.099353790283203,3.2995100021362305
27.09528160095215,3.2993595600128174
27.091445922851562,3.299217939376831
27.087562561035156,3.299074649810791
27.0837345123291,3.298933267593384
27.079998016357422,3.298795461654663
27.076148986816406,3.2986531257629395
27.072282791137695,3.2985103130340576
27.068429946899414,3.298367977142334
27.06458282470703,3.2982258796691895
27.060752868652344,3.2980844974517822
27.056949615478516,3.2979438304901123
27.053266525268555,3.2978076934814453
27.049501419067383,3.29766845703125
27.045495986938477,3.297520399093628
27.041501998901367,3.297372817993164
27.03768539428711,3.297231674194336
27.033926010131836,3.2970926761627197
27.030179977416992,3.2969539165496826
27.026548385620117,3.2968196868896484
27.022743225097656,3.2966787815093994
27.019014358520508,3.2965407371520996
27.01499366760254,3.2963919639587402
27.011272430419922,3.2962541580200195
27.00756072998047,3.296116828918457
27.00386619567871,3.2959799766540527
27.00025177001953,3.2958462238311768
26.99652099609375,3.295707941055298
26.992860794067383,3.295572519302368
26.98918914794922,3.295436382293701
26.985567092895508,3.295302152633667
26.98198890686035,3.2951695919036865
26.978361129760742,3.2950351238250732
26.974592208862305,3.2948954105377197
26.971107482910156,3.2947661876678467
26.967512130737305,3.294632911682129
26.96390151977539,3.294498920440674
26.960155487060547,3.2943601608276367
26.95656394958496,3.294226884841919
26.95298194885254,3.2940938472747803
26.949445724487305,3.2939627170562744
26.946016311645508,3.293835401535034
26.942283630371094,3.293696880340576
26.938730239868164,3.293565034866333
26.93505859375,3.293428659439087
26.93161392211914,3.2933008670806885
26.92810821533203,3.293170690536499
26.92462921142578,3.293041467666626
26.9212646484375,3.2929165363311768
26.917816162109375,3.29278826713562
26.914321899414062,3.292658567428589
26.91083526611328,3.2925291061401367
26.907161712646484,3.2923924922943115
26.903696060180664,3.2922637462615967
26.900257110595703,3.292135715484619
26.89680290222168,3.2920074462890625
26.893402099609375,3.2918810844421387
26.88981819152832,3.291747808456421
26.886394500732422,3.2916202545166016
26.883075714111328,3.291496992111206
26.87953758239746,3.291365385055542
26.87615966796875,3.2912397384643555
26.87291717529297,3.29111909866333
26.869592666625977,3.2909953594207764
26.866212844848633,3.2908694744110107
26.862834930419922,3.290743827819824
26.859472274780273,3.290618419647217
26.856122970581055,3.2904937267303467
26.85279083251953,3.290369749069214
26.84959602355957,3.290250778198242
26.84630584716797,3.290128231048584
26.84263801574707,3.289991617202759
26.839323043823242,3.289868116378784
26.836118698120117,3.2897486686706543
26.832836151123047,3.289626359939575
26.82956886291504,3.2895045280456543
26.826438903808594,3.2893879413604736
26.823217391967773,3.2892677783966064
26.819948196411133,3.2891459465026855
26.816686630249023,3.2890243530273438
26.813430786132812,3.288902997970581
26.81018829345703,3.2887818813323975
26.806781768798828,3.2886548042297363
26.803544998168945,3.288534164428711
26.80036163330078,3.2884154319763184
26.797142028808594,3.288295269012451
26.793947219848633,3.2881760597229004
26.790699005126953,3.2880547046661377
26.787521362304688,3.287936210632324
26.784379959106445,3.2878189086914062
26.781156539916992,3.28769850730896
26.778030395507812,3.2875816822052
26.774723052978516,3.2874581813812256
26.77156639099121,3.2873404026031494
26.76841926574707,3.2872228622436523
26.765283584594727,3.2871055603027344
26.762197494506836,3.2869904041290283
26.758861541748047,3.286865711212158
26.755765914916992,3.286750078201294
26.75251579284668,3.286628484725952
26.74944496154785,3.2865138053894043
26.74642562866211,3.28640079498291
26.743358612060547,3.2862861156463623
26.7403507232666,3.2861735820770264
26.73721694946289,3.2860565185546875
26.73417091369629,3.285942554473877
26.731107711791992,3.285827875137329
26.728057861328125,3.2857139110565186
26.725013732910156,3.285599946975708
26.721784591674805,3.2854790687561035
26.718698501586914,3.2853636741638184
26.715572357177734,3.2852466106414795
26.712575912475586,3.2851345539093018
26.709564208984375,3.2850217819213867
26.706647872924805,3.284912586212158
26.70368766784668,3.284801721572876
26.700721740722656,3.2846906185150146
26.697874069213867,3.2845840454101562
26.694843292236328,3.284470319747925
26.691884994506836,3.2843594551086426
26.6887264251709,3.284241199493408
26.685773849487305,3.284130573272705
26.682832717895508,3.28402042388916
26.679914474487305,3.2839109897613525
26.677135467529297,3.283806800842285
26.67424774169922,3.283698558807373
26.671045303344727,3.283578634262085
26.668012619018555,3.2834649085998535
26.665000915527344,3.2833518981933594
26.662126541137695,3.2832441329956055
26.659297943115234,3.2831380367279053
26.65656852722168,3.2830355167388916
26.65357208251953,3.2829232215881348
26.65070152282715,3.282815456390381
26.64784049987793,3.282708168029785
26.644990921020508,3.2826011180877686
26.641895294189453,3.282485008239746
26.639137268066406,3.282381534576416
26.636404037475586,3.2822787761688232
26.633596420288086,3.2821733951568604
26.630775451660156,3.2820675373077393
26.628047943115234,3.2819650173187256
26.625274658203125,3.281860828399658
26.622493743896484,3.2817564010620117
26.619836807250977,3.2816567420959473
26.61713409423828,3.28155517578125
26.614364624023438,3.2814509868621826
26.611391067504883,3.281339406967163
26.608484268188477,3.2812302112579346
26.605728149414062,3.2811264991760254
26.603008270263672,3.281024217605591
26.600404739379883,3.280926465988159
26.597694396972656,3.2808244228363037
26.594818115234375,3.2807164192199707
26.592124938964844,3.2806150913238525
26.589487075805664,3.2805159091949463
26.5867919921875,3.280414581298828
26.58396339416504,3.280308246612549
26.581401824951172,3.2802116870880127
26.57872772216797,3.280111074447632
26.576038360595703,3.2800099849700928
26.57321548461914,3.2799038887023926
26.57054328918457,3.2798032760620117
26.56788444519043,3.279703140258789
26.565353393554688,3.2796077728271484
26.56276512145996,3.279510498046875
26.559921264648438,3.2794034481048584
26.557140350341797,3.2792985439300537
26.55460548400879,3.279203176498413
26.551998138427734,3.2791049480438232
26.549280166625977,3.2790026664733887
26.546831130981445,3.2789103984832764
26.544248580932617,3.278813123703003
26.541645050048828,3.278714895248413
26.539045333862305,3.2786171436309814
26.536455154418945,3.27851939201355
26.533878326416016,3.2784223556518555
26.531248092651367,3.278323173522949
26.528776168823242,3.2782299518585205
26.52622413635254,3.2781338691711426
26.523521423339844,3.278031826019287
26.521072387695312,3.277939558029175
26.518545150756836,3.277844190597534
26.516033172607422,3.277749538421631
26.513656616210938,3.2776598930358887
26.510986328125,3.277559280395508
26.50845718383789,3.277463912963867
26.5057430267334,3.2773613929748535
26.503236770629883,3.2772669792175293
26.500595092773438,3.2771670818328857
26.498178482055664,3.277076005935669
26.49579429626465,3.2769861221313477
26.493322372436523,3.27689266204834
26.490842819213867,3.276799201965332
26.488265991210938,3.2767019271850586
26.485679626464844,3.276604175567627
26.483247756958008,3.276512384414673
26.4809513092041,3.27642560005188
26.478561401367188,3.2763354778289795
26.476112365722656,3.276242971420288
26.473331451416016,3.2761378288269043
26.470903396606445,3.27604603767395
26.468486785888672,3.2759547233581543
26.466148376464844,3.2758665084838867
26.46363639831543,3.2757716178894043
26.461246490478516,3.275681257247925
26.458698272705078,3.2755849361419678
26.456266403198242,3.2754931449890137
26.453895568847656,3.2754034996032715
26.45154571533203,3.2753145694732666
26.44932746887207,3.275230646133423
26.447004318237305,3.2751429080963135
26.444494247436523,3.275048017501831
26.44213104248047,3.274958610534668
26.439773559570312,3.274869441986084
26.437232971191406,3.274773359298706
26.43499755859375,3.274688720703125
26.4327392578125,3.2746033668518066
26.430419921875,3.2745156288146973
26.428091049194336,3.2744274139404297
26.425880432128906,3.274343967437744
26.423583984375,3.274256944656372
26.421327590942383,3.2741715908050537
26.41898536682129,3.274082899093628
26.416711807250977,3.2739968299865723
26.41441535949707,3.2739098072052
26.412128448486328,3.2738232612609863
26.40985107421875,3.2737371921539307
26.407241821289062,3.2736382484436035
26.405118942260742,3.2735579013824463
26.40290641784668,3.2734742164611816
26.400650024414062,3.273388624191284
26.39827537536621,3.273298740386963
26.3961181640625,3.273216962814331
26.39360809326172,3.2731218338012695
26.39145851135254,3.273040294647217
26.389358520507812,3.272960901260376
26.387147903442383,3.2728769779205322
26.384925842285156,3.2727928161621094
26.382709503173828,3.2727088928222656
26.38050651550293,3.27262544631958
26.378143310546875,3.272535800933838
26.376087188720703,3.2724578380584717
26.373920440673828,3.2723755836486816
26.371732711791992,3.2722926139831543
26.36961555480957,3.272212505340576
26.367490768432617,3.27213191986084
26.365341186523438,3.272050380706787
26.36332893371582,3.2719740867614746
26.36124038696289,3.271894693374634
26.35908317565918,3.271812915802002
26.356935501098633,3.271731376647949
26.35478973388672,3.2716500759124756
26.35251808166504,3.271563768386841
26.35047721862793,3.271486282348633
26.34844398498535,3.271409273147583
26.346332550048828,3.271329164505005
26.34421730041504,3.2712488174438477
26.34221076965332,3.271172523498535
26.340120315551758,3.2710933685302734
26.337602615356445,3.2709977626800537
26.335315704345703,3.2709107398986816
26.333097457885742,3.270826578140259
26.330869674682617,3.2707419395446777
26.32878875732422,3.270663022994995
26.32671356201172,3.2705841064453125
26.324674606323242,3.2705066204071045
26.322757720947266,3.2704339027404785
26.320722579956055,3.2703566551208496
26.318666458129883,3.2702784538269043
26.316680908203125,3.270203113555908
26.31468963623047,3.270127296447754
26.31247329711914,3.270043134689331
26.31060028076172,3.2699718475341797
26.30863380432129,3.269897222518921
26.306608200073242,3.269820213317871
26.304582595825195,3.2697432041168213
26.302570343017578,3.2696666717529297
26.300567626953125,3.2695906162261963
26.298490524291992,3.2695114612579346
26.29656219482422,3.2694382667541504
26.29436683654785,3.269354820251465
26.292400360107422,3.269279956817627
26.29050636291504,3.2692079544067383
26.28854751586914,3.2691333293914795
26.286664962768555,3.269061803817749
26.28468132019043,3.268986225128174
26.282581329345703,3.268906354904175
26.280620574951172,3.268831729888916
26.278667449951172,3.2687575817108154
26.276721954345703,3.268683433532715
26.274850845336914,3.2686121463775635
26.27288055419922,3.2685372829437256
26.270814895629883,3.268458604812622
26.26854133605957,3.268372058868408
26.2667236328125,3.2683029174804688
26.26482391357422,3.268230438232422
26.26297378540039,3.268160104751587
26.261014938354492,3.268085479736328
26.259126663208008,3.2680137157440186
26.256969451904297,3.2679314613342285
26.25507354736328,3.2678592205047607
26.25318145751953,3.267787218093872
26.25132942199707,3.267716646194458
26.249591827392578,3.2676503658294678
26.24773597717285,3.2675797939300537
26.245290756225586,3.267486572265625
26.243223190307617,3.2674078941345215
26.24139404296875,3.2673380374908447
26.239282608032227,3.2672576904296875
26.237594604492188,3.26719331741333
26.23564910888672,3.2671191692352295
26.233516693115234,3.267037868499756
26.231529235839844,3.2669620513916016
26.22955322265625,3.2668867111206055
26.22758674621582,3.2668118476867676
26.225723266601562,3.2667407989501953
26.22379493713379,3.266667127609253
26.22177505493164,3.266590118408203
26.219867706298828,3.266517400741577
26.218128204345703,3.266451120376587
26.21620750427246,3.2663779258728027
26.21442222595215,3.2663097381591797
26.212553024291992,3.2662384510040283
26.210617065429688,3.266164541244507
26.208629608154297,3.2660887241363525
26.206851959228516,3.2660207748413086
26.20479965209961,3.2659425735473633
26.203020095825195,3.2658746242523193
26.201318740844727,3.2658097743988037
26.19940948486328,3.2657368183135986
26.197540283203125,3.2656655311584473
26.195730209350586,3.265596389770508
26.193857192993164,3.2655248641967773
26.192245483398438,3.265463352203369
26.19045639038086,3.265395164489746
26.18851661682129,3.2653210163116455
26.186643600463867,3.265249490737915
26.18491554260254,3.265183448791504
26.18291473388672,3.2651071548461914
26.181177139282227,3.265040636062622
26.179393768310547,3.264972686767578
26.177682876586914,3.2649073600769043
26.176006317138672,3.264843225479126
26.17424964904785,3.2647759914398193
26.17257308959961,3.26471209526062
26.170866012573242,3.2646467685699463
26.169275283813477,3.2645859718322754
26.16759490966797,3.264521837234497
26.165769577026367,3.2644519805908203
26.16381072998047,3.2643771171569824
26.162145614624023,3.2643134593963623
26.16059684753418,3.264254331588745
26.158811569213867,3.264186143875122
26.157014846801758,3.264117479324341
26.15484046936035,3.2640342712402344
26.15328025817871,3.263974666595459
26.151657104492188,3.2639126777648926
26.149932861328125,3.2638466358184814
26.148258209228516,3.263782501220703
26.146347045898438,3.263709545135498
26.14471435546875,3.2636470794677734
26.14309310913086,3.263585090637207
26.141477584838867,3.2635231018066406
26.139970779418945,3.263465642929077
26.13801383972168,3.2633907794952393
26.13641357421875,3.26332950592041
26.134687423706055,3.263263463973999
26.1331787109375,3.2632057666778564
26.131460189819336,3.2631399631500244
26.12999153137207,3.2630836963653564
26.128219604492188,3.2630159854888916
26.12664031982422,3.2629554271698
26.12506103515625,3.262895107269287
26.123144149780273,3.262821674346924
26.121580123901367,3.2627618312835693
26.120134353637695,3.2627065181732178
26.11850357055664,3.262644052505493
26.116802215576172,3.2625789642333984
26.115135192871094,3.262515068054199
26.11366844177246,3.2624588012695312
26.112136840820312,3.2624001502990723
26.11073875427246,3.2623467445373535
26.109146118164062,3.2622857093811035
26.107263565063477,3.2622134685516357
26.105730056762695,3.2621548175811768
26.104202270507812,3.262096405029297
26.102689743041992,3.262038469314575
26.101316452026367,3.2619857788085938
26.099565505981445,3.261918544769287
26.09804916381836,3.2618606090545654
26.09658432006836,3.2618043422698975
26.09486961364746,3.2617387771606445
26.093244552612305,3.261676549911499
26.091577529907227,3.2616126537323
26.09014129638672,3.2615575790405273
26.088363647460938,3.2614893913269043
26.086875915527344,3.261432409286499
26.08539581298828,3.261375665664673
26.083797454833984,3.2613143920898438
26.08248519897461,3.2612640857696533
26.081039428710938,3.2612085342407227
26.07942771911621,3.2611467838287354
26.07805824279785,3.261094331741333
26.076488494873047,3.2610340118408203
26.074935913085938,3.260974645614624
26.07366371154785,3.260925769805908
26.072237014770508,3.260870933532715
26.07064437866211,3.260809898376465
26.068918228149414,3.2607436180114746
26.067485809326172,3.2606887817382812
26.066112518310547,3.2606360912323
26.064472198486328,3.260573148727417
26.063064575195312,3.26051926612854
26.061439514160156,3.2604568004608154
26.059846878051758,3.2603957653045654
26.05825424194336,3.2603344917297363
26.056934356689453,3.260283946990967
26.055517196655273,3.2602295875549316
26.054052352905273,3.2601733207702637
26.052579879760742,3.2601168155670166
26.05110740661621,3.2600603103637695
26.049646377563477,3.2600042819976807
26.04840087890625,3.2599563598632812
26.047199249267578,3.2599103450775146
26.045761108398438,3.259855031967163
26.04430389404297,3.259799003601074
26.043106079101562,3.2597529888153076
26.04167938232422,3.2596983909606934
26.040306091308594,3.259645462036133
26.038959503173828,3.259593963623047
26.037683486938477,3.259544849395752
26.035907745361328,3.259476661682129
26.03462028503418,3.259427070617676
26.03285026550293,3.259359121322632
26.031614303588867,3.2593116760253906
26.03047752380371,3.259268045425415
26.029081344604492,3.259214401245117
26.027807235717773,3.2591655254364014
26.026437759399414,3.25911283493042
26.025056838989258,3.2590599060058594
26.02369499206543,3.259007453918457
26.02246856689453,3.258960247039795
26.02123260498047,3.2589128017425537
26.019691467285156,3.2588536739349365
26.018442153930664,3.258805513381958
26.01719856262207,3.2587578296661377
26.015695571899414,3.258700132369995
26.014469146728516,3.258652925491333
26.013111114501953,3.2586007118225098
26.011730194091797,3.25854754447937
26.01058006286621,3.2585034370422363
26.0093936920166,3.258457660675049
26.007661819458008,3.2583911418914795
26.006601333618164,3.258350372314453
26.005226135253906,3.2582974433898926
26.00386619567871,3.2582452297210693
26.002649307250977,3.2581984996795654
26.00144386291504,3.2581520080566406
25.999969482421875,3.2580952644348145
25.99863624572754,3.2580440044403076
25.997323989868164,3.257993698120117
25.996122360229492,3.2579474449157715
25.994850158691406,3.2578983306884766
25.993709564208984,3.257854461669922
25.992403030395508,3.2578043937683105
25.991182327270508,3.2577574253082275
25.989912033081055,3.2577085494995117
25.988725662231445,3.257662773132324
25.98740577697754,3.2576119899749756
25.986230850219727,3.2575669288635254
25.98493003845215,3.257516860961914
25.983776092529297,3.257472276687622
25.98264503479004,3.2574288845062256
25.98147964477539,3.2573840618133545
25.980241775512695,3.257336378097534
25.978933334350586,3.2572860717773438
25.977807998657227,3.2572426795959473
25.976537704467773,3.2571938037872314
25.975290298461914,3.257145643234253
25.974143981933594,3.257101535797119
25.972993850708008,3.2570571899414062
25.971853256225586,3.2570133209228516
25.97061538696289,3.2569656372070312
25.969621658325195,3.256927490234375
25.968219757080078,3.256873369216919
25.966941833496094,3.256824254989624
25.965776443481445,3.256779432296753
25.964675903320312,3.256736993789673
25.963647842407227,3.256697416305542
25.962656021118164,3.2566592693328857
25.961204528808594,3.256603240966797
25.959943771362305,3.25655460357666
25.958690643310547,3.2565064430236816
25.95758819580078,3.2564640045166016
25.956356048583984,3.2564165592193604
25.955289840698242,3.256375312805176
25.953983306884766,3.2563250064849854
25.952775955200195,3.2562785148620605
25.951570510864258,3.2562320232391357
25.950395584106445,3.2561869621276855
25.94947052001953,3.2561511993408203
25.94839859008789,3.2561099529266357
25.947309494018555,3.256067991256714
25.946083068847656,3.2560205459594727
25.94501304626465,3.255979299545288
25.94391441345215,3.255937099456787
25.94277572631836,3.2558932304382324
25.94155502319336,3.2558460235595703
25.940196990966797,3.255793809890747
25.939197540283203,3.2557551860809326
25.938169479370117,3.2557156085968018
25.937292098999023,3.2556817531585693
25.935916900634766,3.255628824234009
25.934856414794922,3.2555878162384033
25.93366050720215,3.2555418014526367
25.932273864746094,3.255488395690918
25.93096923828125,3.2554378509521484
25.930028915405273,3.255401611328125
25.928993225097656,3.255361795425415
25.92798614501953,3.2553229331970215
25.926889419555664,3.2552807331085205
25.925588607788086,3.25523042678833
25.92459487915039,3.2551920413970947
25.92361068725586,3.2551541328430176
25.922582626342773,3.2551145553588867
25.921409606933594,3.2550692558288574
25.920391082763672,3.2550299167633057
25.91945457458496,3.2549939155578613
25.91840362548828,3.254953384399414
25.91739845275879,3.2549145221710205
25.916275024414062,3.254871129989624
25.91520881652832,3.2548298835754395
25.914077758789062,3.254786252975464
25.91324806213379,3.2547543048858643
25.91181182861328,3.2546989917755127
25.910612106323242,3.254652500152588
25.90947151184082,3.254608631134033
25.908479690551758,3.254570245742798
25.907569885253906,3.25453519821167
25.906545639038086,3.254495620727539
25.905569076538086,3.254457950592041
25.90447425842285,3.25441575050354
25.903575897216797,3.254380941390991
25.902618408203125,3.2543439865112305
25.901676177978516,3.254307746887207
25.900745391845703,3.2542717456817627
25.89977264404297,3.2542340755462646
25.898799896240234,3.2541966438293457
25.897693634033203,3.2541539669036865
25.89681625366211,3.254120111465454
25.89581871032715,3.2540814876556396
25.894865036010742,3.254044771194458
25.893943786621094,3.2540090084075928
25.892925262451172,3.253969669342041
25.89180564880371,3.2539265155792236
25.89084243774414,3.253889322280884
25.889572143554688,3.253840208053589
25.888338088989258,3.2537925243377686
25.887252807617188,3.2537505626678467
25.886314392089844,3.2537143230438232
25.885498046875,3.253682851791382
25.884502410888672,3.2536444664001465
25.883420944213867,3.2536027431488037
25.88241195678711,3.253563642501831
25.881391525268555,3.2535243034362793
25.880521774291992,3.253490686416626
25.8797664642334,3.2534613609313965
25.87885856628418,3.2534263134002686
25.87793731689453,3.2533907890319824
25.87701988220215,3.2533552646636963
25.876113891601562,3.2533202171325684
25.875213623046875,3.2532854080200195
25.87420082092285,3.253246307373047
25.873289108276367,3.25321102142334
25.872486114501953,3.2531800270080566
25.871604919433594,3.253145933151245
25.870393753051758,3.253099203109741
25.869346618652344,3.253058671951294
25.86846160888672,3.2530245780944824
25.867074966430664,3.2529709339141846
25.866186141967773,3.252936601638794
25.86531639099121,3.2529029846191406
25.864591598510742,3.2528748512268066
25.863723754882812,3.2528414726257324
25.86269187927246,3.2528014183044434
25.861923217773438,3.2527718544006348
25.861064910888672,3.2527384757995605
25.860334396362305,3.2527103424072266
25.859405517578125,3.2526743412017822
25.858530044555664,3.25264048576355
25.857656478881836,3.2526066303253174
25.856651306152344,3.252567768096924
25.855449676513672,3.252521514892578
25.854711532592773,3.252492904663086
25.853858947753906,3.252459764480591
25.852890014648438,3.252422332763672
25.851776123046875,3.2523794174194336
25.850465774536133,3.252328634262085
25.849796295166016,3.252302646636963
25.84897804260254,3.2522711753845215
25.848127365112305,3.2522382736206055
25.847137451171875,3.25219988822937
25.84630012512207,3.2521674633026123
25.845592498779297,3.2521400451660156
25.84482192993164,3.252110242843628
25.843778610229492,3.2520699501037598
25.843034744262695,3.2520411014556885
25.842090606689453,3.252004623413086
25.841344833374023,3.2519757747650146
25.840517044067383,3.251943588256836
25.839698791503906,3.2519121170043945
25.83887481689453,3.251880168914795
25.838048934936523,3.2518482208251953
25.837055206298828,3.251809597015381
25.836397171020508,3.251784324645996
25.8354549407959,3.2517478466033936
25.834444046020508,3.251708745956421
25.833595275878906,3.251675844192505
25.83260726928711,3.2516374588012695
25.83197021484375,3.251612901687622
25.83122444152832,3.251584053039551
25.830276489257812,3.251547336578369
25.829328536987305,3.2515106201171875
25.828533172607422,3.2514798641204834
25.827682495117188,3.2514469623565674
25.826852798461914,3.2514147758483887
25.826059341430664,3.2513840198516846
25.82533073425293,3.2513558864593506
25.824312210083008,3.2513163089752197
25.82358741760254,3.251288414001465
25.822967529296875,3.2512643337249756
25.82219886779785,3.251234531402588
25.821271896362305,3.2511985301971436
25.820344924926758,3.2511627674102783
25.819433212280273,3.2511274814605713
25.818832397460938,3.2511041164398193
25.81808090209961,3.251075029373169
25.81710433959961,3.251037120819092
25.81644630432129,3.251011848449707
25.815359115600586,3.250969648361206
25.814748764038086,3.250946044921875
25.81406021118164,3.2509193420410156
25.813295364379883,3.250889778137207
25.812530517578125,3.2508599758148193
25.81178092956543,3.250831127166748
25.811111450195312,3.250805139541626
25.8101806640625,3.2507688999176025
25.809431076049805,3.2507400512695312
25.808544158935547,3.2507057189941406
25.807710647583008,3.250673294067383
25.807025909423828,3.2506468296051025
25.806106567382812,3.2506110668182373
25.805377960205078,3.2505829334259033
25.804492950439453,3.2505486011505127
25.803752899169922,3.2505199909210205
25.803028106689453,3.2504918575286865
25.802467346191406,3.2504701614379883
25.801755905151367,3.2504425048828125
25.800819396972656,3.250406265258789
25.79971694946289,3.25036358833313
25.799013137817383,3.250336170196533
25.798446655273438,3.250314235687256
25.797653198242188,3.2502834796905518
25.796785354614258,3.2502498626708984
25.796062469482422,3.2502219676971436
25.79520606994629,3.2501885890960693
25.79444122314453,3.2501590251922607
25.793834686279297,3.2501354217529297
25.793123245239258,3.250108003616333
25.7924747467041,3.2500827312469482
25.791820526123047,3.2500574588775635
25.791187286376953,3.250032901763916
25.790639877319336,3.250011682510376
25.789806365966797,3.249979257583618
25.789104461669922,3.2499520778656006
25.788259506225586,3.2499194145202637
25.787586212158203,3.2498931884765625
25.787052154541016,3.2498724460601807
25.786380767822266,3.2498464584350586
25.785493850708008,3.249812126159668
25.784709930419922,3.249781608581543
25.783897399902344,3.2497501373291016
25.78338623046875,3.249730348587036
25.782756805419922,3.2497060298919678
25.782068252563477,3.2496790885925293
25.7812442779541,3.2496471405029297
25.780282974243164,3.24960994720459
25.77959442138672,3.2495832443237305
25.778844833374023,3.24955415725708
25.778169631958008,3.249527931213379
25.7775936126709,3.2495055198669434
25.776947021484375,3.2494804859161377
25.776233673095703,3.249452829360962
25.775503158569336,3.249424457550049
25.77484130859375,3.249398946762085
25.774032592773438,3.2493674755096436
25.773225784301758,3.2493362426757812
25.772619247436523,3.24931263923645
25.772096633911133,3.2492923736572266
25.771310806274414,3.2492618560791016
25.770488739013672,3.249229907989502
25.769577026367188,3.249194622039795
25.768962860107422,3.2491707801818848
25.76850128173828,3.249152898788452
25.767871856689453,3.2491283416748047
25.767223358154297,3.249103307723999
25.76657485961914,3.2490780353546143
25.765796661376953,3.2490479946136475
25.76531982421875,3.2490293979644775
25.76470947265625,3.2490057945251465
25.764066696166992,3.248980760574341
25.763200759887695,3.2489471435546875
25.76244354248047,3.248917818069458
25.761966705322266,3.248899221420288
25.761211395263672,3.2488698959350586
25.760433197021484,3.2488396167755127
25.759660720825195,3.248809814453125
25.759035110473633,3.2487854957580566
25.758525848388672,3.248765707015991
25.757993698120117,3.2487449645996094
25.757366180419922,3.248720645904541
25.756376266479492,3.2486822605133057
25.755592346191406,3.2486517429351807
25.755064010620117,3.248631238937378
25.75444793701172,3.2486073970794678
25.753698348999023,3.2485783100128174
25.752941131591797,3.248548746109009
25.752185821533203,3.2485194206237793
25.751628875732422,3.24849796295166
25.751018524169922,3.24847412109375
25.750425338745117,3.2484512329101562
25.74965476989746,3.2484211921691895
25.748991012573242,3.2483954429626465
25.74843406677246,3.2483737468719482
25.74802017211914,3.2483577728271484
25.747440338134766,3.248335123062134
25.74683952331543,3.248311996459961
25.7460994720459,3.2482831478118896
25.74537467956543,3.2482550144195557
25.744956970214844,3.2482388019561768
25.744243621826172,3.248211145401001
25.74345588684082,3.248180389404297
25.742979049682617,3.248162031173706
25.74221420288086,3.2481322288513184
25.741806030273438,3.2481162548065186
25.74127960205078,3.248095989227295
25.740407943725586,3.2480621337890625
25.739826202392578,3.248039484024048
25.739253997802734,3.2480173110961914
25.73867416381836,3.2479946613311768
25.7381649017334,3.2479748725891113
25.737443923950195,3.2479469776153564
25.73697853088379,3.2479288578033447
25.736431121826172,3.2479076385498047
25.735841751098633,3.247884750366211
25.735387802124023,3.2478671073913574
25.734676361083984,3.2478394508361816
25.73410987854004,3.247817277908325
25.733549118041992,3.247795581817627
25.733070373535156,3.247776985168457
25.732622146606445,3.2477595806121826
25.732070922851562,3.2477381229400635
25.73137664794922,3.247711181640625
25.730451583862305,3.2476751804351807
25.729827880859375,3.2476508617401123
25.728748321533203,3.2476089000701904
25.72820472717285,3.2475879192352295
25.727365493774414,3.2475552558898926
25.7266788482666,3.247528553009033
25.726028442382812,3.2475032806396484
25.725488662719727,3.2474822998046875
25.724960327148438,3.2474617958068848
25.724302291870117,3.247436046600342
25.723848342895508,3.2474184036254883
25.7231502532959,3.24739146232605
25.722370147705078,3.247360944747925
25.721712112426758,3.247335433959961
25.721172332763672,3.247314453125
25.72049331665039,3.2472879886627197
25.719968795776367,3.247267723083496
25.71961212158203,3.247253894805908
25.718961715698242,3.2472286224365234
25.718233108520508,3.2472002506256104
25.717529296875,3.2471728324890137
25.716739654541016,3.2471420764923096
25.716047286987305,3.247115135192871
25.715438842773438,3.24709153175354
25.71476936340332,3.247065544128418
25.713960647583008,3.2470340728759766
25.71302032470703,3.246997594833374
25.712081909179688,3.2469608783721924
25.711475372314453,3.2469372749328613
25.71067237854004,3.246906280517578
25.71012306213379,3.246884822845459
25.7093505859375,3.246854782104492
25.708831787109375,3.2468345165252686
25.70794105529785,3.246799945831299
25.706995010375977,3.246763229370117
25.70648765563965,3.2467434406280518
25.705699920654297,3.2467126846313477
25.70514488220215,3.2466912269592285
25.704465866088867,3.2466647624969482
25.703824996948242,3.2466397285461426
25.703052520751953,3.246609687805176
25.702178955078125,3.2465758323669434
25.701475143432617,3.2465484142303467
25.700647354125977,3.246516227722168
25.70016098022461,3.24649715423584
25.699665069580078,3.2464778423309326
25.698745727539062,3.2464420795440674
25.69809341430664,3.2464168071746826
25.69775390625,3.246403694152832
25.696998596191406,3.2463741302490234
25.696537017822266,3.246356248855591
25.69599723815918,3.24633526802063
25.694978713989258,3.246295690536499
25.69454002380371,3.2462785243988037
25.6940860748291,3.24626088142395
25.693456649780273,3.2462363243103027
25.69269371032715,3.246206760406494
25.692079544067383,3.246182680130005
25.69148826599121,3.246159791946411
25.690757751464844,3.246131420135498
25.69028091430664,3.246112823486328
25.689517974853516,3.2460830211639404
25.688644409179688,3.246048927307129
25.688331604003906,3.2460367679595947
25.687454223632812,3.246002674102783
25.686840057373047,3.245978832244873
25.68593978881836,3.245943784713745
25.6850528717041,3.2459092140197754
25.68442153930664,3.245884656906128
25.683565139770508,3.2458512783050537
25.683095932006836,3.245832920074463
25.682584762573242,3.2458131313323975
25.682018280029297,3.245790958404541
25.681652069091797,3.245776891708374
25.68133544921875,3.2457644939422607
25.680742263793945,3.245741367340088
25.68000030517578,3.2457125186920166
25.67940902709961,3.2456893920898438
25.67900276184082,3.245673656463623
25.678695678710938,3.245661735534668
25.678062438964844,3.2456369400024414
25.677383422851562,3.245610475540161
25.676738739013672,3.2455854415893555
25.676185607910156,3.2455639839172363
25.67572593688965,3.2455461025238037
25.675172805786133,3.2455244064331055
25.674724578857422,3.245507001876831
25.673797607421875,3.2454710006713867
25.6732234954834,3.245448589324951
25.67295265197754,3.2454380989074707
25.67254638671875,3.245422124862671
25.67210578918457,3.2454049587249756
25.67177963256836,3.245392322540283
25.67108154296875,3.2453651428222656
25.670795440673828,3.245353937149048
25.670310974121094,3.245335102081299
25.66987419128418,3.2453181743621826
25.669443130493164,3.2453012466430664
25.66873550415039,3.2452738285064697
25.66819953918457,3.245252847671509
25.667882919311523,3.2452404499053955
25.667455673217773,3.2452237606048584
25.66682243347168,3.245199203491211
25.66644859313965,3.2451846599578857
25.665620803833008,3.245152473449707
25.66492462158203,3.2451252937316895
25.664520263671875,3.2451095581054688
25.664098739624023,3.2450931072235107
25.663681030273438,3.245076894760132
25.663156509399414,3.245056390762329
25.662553787231445,3.245032787322998
25.662015914916992,3.245011806488037
25.66162109375,3.2449965476989746
25.661022186279297,3.2449731826782227
25.660064697265625,3.244935989379883
25.659698486328125,3.2449216842651367
25.659048080444336,3.244896173477173
25.658292770385742,3.2448668479919434
25.65774154663086,3.244845390319824
25.65719985961914,3.244824171066284
25.65696144104004,3.244814872741699
25.656452178955078,3.244795083999634
25.655908584594727,3.2447738647460938
25.655271530151367,3.244749069213867
25.65489387512207,3.244734287261963
25.6542911529541,3.244710922241211
25.65371322631836,3.2446882724761963
25.65317153930664,3.2446672916412354
25.652626037597656,3.244645833969116
25.65223503112793,3.244630813598633
25.651784896850586,3.2446131706237793
25.65116310119629,3.244588851928711
25.650636672973633,3.244568347930908
25.65029525756836,3.2445549964904785
25.649694442749023,3.2445316314697266
25.649168014526367,3.244511127471924
25.648948669433594,3.244502544403076
25.64858055114746,3.24448823928833
25.648191452026367,3.2444729804992676
25.64766502380371,3.244452476501465
25.647300720214844,3.244438409805298
25.646944046020508,3.244424343109131
25.646587371826172,3.244410514831543
25.64600944519043,3.2443878650665283
25.64573860168457,3.244377374649048
25.644956588745117,3.244346857070923
25.644611358642578,3.244333505630493
25.644296646118164,3.24432110786438
25.643917083740234,3.2443063259124756
25.643251419067383,3.2442803382873535
25.64268684387207,3.244258403778076
25.641902923583984,3.244227886199951
25.641468048095703,3.244210958480835
25.640953063964844,3.2441906929016113
25.640674591064453,3.2441799640655518
25.640338897705078,3.244166851043701
25.640066146850586,3.2441561222076416
25.63983917236328,3.244147300720215
25.639482498168945,3.244133472442627
25.638832092285156,3.244108200073242
25.63832664489746,3.2440884113311768
25.637868881225586,3.244070529937744
25.637453079223633,3.2440543174743652
25.637113571166992,3.2440409660339355
25.63677406311035,3.244027853012085
25.636507034301758,3.2440173625946045
25.636035919189453,3.2439990043640137
25.635318756103516,3.243971109390259
25.635005950927734,3.2439589500427246
25.634647369384766,3.2439448833465576
25.634151458740234,3.2439255714416504
25.633804321289062,3.2439119815826416
25.63347053527832,3.243898868560791
25.63288116455078,3.2438759803771973
25.63238525390625,3.24385666847229
25.63214111328125,3.243847131729126
25.631675720214844,3.2438290119171143
25.63144874572754,3.2438199520111084
25.6312255859375,3.2438113689422607
25.630390167236328,3.243778705596924
25.62984275817871,3.243757486343384
25.629159927368164,3.2437307834625244
25.628686904907227,3.2437124252319336
25.62847137451172,3.243703842163086
25.628143310546875,3.2436909675598145
25.627700805664062,3.243673801422119
25.627300262451172,3.2436580657958984
25.627010345458984,3.2436468601226807
25.6267147064209,3.243635416030884
25.62625503540039,3.243617296218872
25.625774383544922,3.243598699569702
25.62529754638672,3.2435801029205322
25.624828338623047,3.2435617446899414
25.624465942382812,3.2435476779937744
25.624168395996094,3.2435359954833984
25.623374938964844,3.2435050010681152
25.622732162475586,3.2434799671173096
25.62242317199707,3.2434678077697754
25.622095108032227,3.243455171585083
25.62166976928711,3.243438482284546
25.621339797973633,3.2434256076812744
25.62087059020996,3.2434072494506836
25.620546340942383,3.243394613265991
25.62030601501465,3.2433853149414062
25.62009620666504,3.2433769702911377
25.619441986083984,3.243351459503174
25.618824005126953,3.2433273792266846
25.61857795715332,3.2433178424835205
25.61831283569336,3.24330735206604
25.618032455444336,3.2432963848114014
25.61758804321289,3.243279218673706
25.61726951599121,3.2432668209075928
25.616809844970703,3.243248701095581
25.616504669189453,3.243236780166626
25.616365432739258,3.2432312965393066
25.615398406982422,3.2431936264038086
25.61473846435547,3.2431678771972656
25.614397048950195,3.243154525756836
25.614107131958008,3.243143320083618
25.613800048828125,3.243131160736084
25.613445281982422,3.243117332458496
25.61313247680664,3.243105173110962
25.612539291381836,3.243082046508789
25.611690521240234,3.243048906326294
25.611465454101562,3.243040084838867
25.611133575439453,3.2430272102355957
25.610841751098633,3.243015766143799
25.610435485839844,3.242999792098999
25.610212326049805,3.2429912090301514
25.60976219177246,3.242973566055298
25.609100341796875,3.242947816848755
25.60867691040039,3.2429311275482178
25.608234405517578,3.2429139614105225
25.607933044433594,3.2429022789001465
25.606903076171875,3.2428619861602783
25.606769561767578,3.242856740951538
25.606225967407227,3.242835521697998
25.605527877807617,3.2428083419799805
25.605342864990234,3.2428009510040283
25.60439109802246,3.2427637577056885
25.60352897644043,3.242730140686035
25.603073120117188,3.2427124977111816
25.602493286132812,3.242689609527588
25.602060317993164,3.242672920227051
25.601627349853516,3.2426559925079346
25.601104736328125,3.242635488510132
25.600671768188477,3.2426185607910156
25.60025978088379,3.242602586746216
25.599849700927734,3.242586374282837
25.599374771118164,3.242568016052246
25.599111557006836,3.2425575256347656
25.598663330078125,3.242540121078491
25.598146438598633,3.2425198554992676
25.59786605834961,3.242508888244629
25.597579956054688,3.2424979209899902
25.59687614440918,3.2424702644348145
25.59656524658203,3.2424581050872803
25.596233367919922,3.242445230484009
25.595813751220703,3.242428779602051
25.594968795776367,3.2423958778381348
25.5946102142334,3.2423818111419678
25.593961715698242,3.242356538772583
25.593860626220703,3.2423524856567383
25.59331703186035,3.2423312664031982
25.59304428100586,3.2423205375671387
25.592769622802734,3.242309808731079
25.59250259399414,3.2422995567321777
25.592254638671875,3.2422897815704346
25.59173583984375,3.242269515991211
25.59097671508789,3.2422397136688232
25.5908145904541,3.2422335147857666
25.590421676635742,3.242218017578125
25.59025001525879,3.24221134185791
25.589834213256836,3.2421951293945312
25.589149475097656,3.242168426513672
25.588878631591797,3.2421579360961914
25.5886173248291,3.24214768409729
25.588375091552734,3.242138147354126
25.588134765625,3.242128849029541
25.58774757385254,3.2421135902404785
25.587282180786133,3.242095470428467
25.58698844909668,3.24208402633667
25.58632469177246,3.242058038711548
25.585634231567383,3.2420310974121094
25.585046768188477,3.2420079708099365
25.584354400634766,3.241981029510498
25.58380699157715,3.241959571838379
25.58321189880371,3.241936445236206
25.582862854003906,3.241922616958618
25.582603454589844,3.241912603378296
25.582223892211914,3.2418978214263916
25.58197784423828,3.2418880462646484
25.581684112548828,3.2418766021728516
25.58145523071289,3.241867780685425
25.58108139038086,3.2418529987335205
25.58075714111328,3.241840362548828
25.580358505249023,3.2418248653411865
25.5799617767334,3.241809368133545
25.5797176361084,3.241799831390381
25.5791072845459,3.2417759895324707
25.578842163085938,3.2417654991149902
25.57846450805664,3.241750717163086
25.57781219482422,3.241725206375122
25.577659606933594,3.2417192459106445
25.577293395996094,3.2417049407958984
25.577224731445312,3.2417023181915283
25.576438903808594,3.241671562194824
25.57590675354004,3.2416508197784424
25.575658798217773,3.241641044616699
25.575275421142578,3.241626024246216
25.575117111206055,3.241619825363159
25.5747013092041,3.2416036128997803
25.574474334716797,3.2415947914123535
25.574119567871094,3.2415809631347656
25.573970794677734,3.241575002670288
25.57346534729004,3.2415552139282227
25.573406219482422,3.2415530681610107
25.573081970214844,3.2415404319763184
25.572837829589844,3.241530656814575
25.572317123413086,3.2415103912353516
25.57208251953125,3.2415013313293457
25.571788787841797,3.2414896488189697
25.57152557373047,3.2414793968200684
25.571016311645508,3.241459608078003
25.57046890258789,3.241438150405884
25.5701847076416,3.241426944732666
25.5698299407959,3.241413116455078
25.56963348388672,3.241405487060547
25.569316864013672,3.2413930892944336
25.568653106689453,3.2413671016693115
25.568078994750977,3.241344690322876
25.567712783813477,3.24133038520813
25.567277908325195,3.2413132190704346
25.566883087158203,3.241297960281372
25.566238403320312,3.2412726879119873
25.565893173217773,3.2412590980529785
25.56576156616211,3.2412540912628174
25.565553665161133,3.241245985031128
25.565502166748047,3.241243839263916
25.56534194946289,3.2412376403808594
25.565114974975586,3.2412288188934326
25.564891815185547,3.241219997406006
25.564672470092773,3.241211414337158
25.564313888549805,3.241197347640991
25.56422233581543,3.2411937713623047
25.56401824951172,3.2411859035491943
25.563806533813477,3.241177558898926
25.563692092895508,3.241173028945923
25.563493728637695,3.2411653995513916
25.563425064086914,3.2411625385284424
25.56329917907715,3.2411577701568604
25.56293487548828,3.2411434650421143
25.562715530395508,3.2411348819732666
25.562498092651367,3.241126298904419
25.562328338623047,3.241119623184204
25.562122344970703,3.2411117553710938
25.561927795410156,3.2411041259765625
25.56171226501465,3.241095542907715
25.561607360839844,3.24109148979187
25.561277389526367,3.2410786151885986
25.561195373535156,3.2410755157470703
25.56109046936035,3.2410712242126465
25.560394287109375,3.241044044494629
25.560182571411133,3.2410356998443604
25.559972763061523,3.241027593612671
25.55979347229004,3.241020441055298
25.55974578857422,3.241018772125244
25.559560775756836,3.241011381149292
25.559349060058594,3.2410030364990234
25.559253692626953,3.240999460220337
25.559070587158203,3.240992307662964
25.558963775634766,3.24098801612854
25.558889389038086,3.240985155105591
25.55855369567871,3.2409720420837402
25.558345794677734,3.240963935852051
25.557941436767578,3.24094820022583
25.557748794555664,3.240940570831299
25.55771827697754,3.2409393787384033
25.557350158691406,3.240924835205078
25.55714225769043,3.2409167289733887
25.556909561157227,3.240907669067383
25.556385040283203,3.24088716506958
25.556272506713867,3.2408828735351562
25.55621910095215,3.2408807277679443
25.5560359954834,3.2408735752105713
25.55583381652832,3.240865707397461
25.55563735961914,3.2408578395843506
25.555442810058594,3.2408502101898193
25.555402755737305,3.2408487796783447
25.555116653442383,3.240837574005127
25.554773330688477,3.2408242225646973
25.554658889770508,3.2408196926116943
25.554508209228516,3.240813732147217
25.554372787475586,3.2408084869384766
25.554065704345703,3.2407963275909424
25.553892135620117,3.2407896518707275
25.553695678710938,3.2407820224761963
25.553504943847656,3.240774393081665
25.553316116333008,3.240767002105713
25.553247451782227,3.2407643795013428
25.55313491821289,3.240760087966919
25.552749633789062,3.2407448291778564
25.55260467529297,3.240739345550537
25.552490234375,3.240734815597534
25.552335739135742,3.2407286167144775
25.552326202392578,3.2407283782958984
25.55203628540039,3.2407169342041016
25.55184555053711,3.2407095432281494
25.55165672302246,3.2407021522521973
25.551475524902344,3.240694999694824
25.55137062072754,3.2406909465789795
25.551158905029297,3.240682601928711
25.55098533630371,3.240675926208496
25.550825119018555,3.2406697273254395
25.550735473632812,3.240666151046753
25.550317764282227,3.240649700164795
25.55030059814453,3.2406489849090576
25.550186157226562,3.240644693374634
25.550004959106445,3.2406375408172607
25.54967498779297,3.2406246662139893
25.549297332763672,3.240609884262085
25.549156188964844,3.2406044006347656
25.548988342285156,3.240597724914551
25.548826217651367,3.240591287612915
25.548444747924805,3.2405765056610107
25.54837989807129,3.2405738830566406
25.54808235168457,3.2405622005462646
25.547868728637695,3.240553855895996
25.547813415527344,3.240551710128784
25.547645568847656,3.2405452728271484
25.547325134277344,3.240532636642456
25.547147750854492,3.240525722503662
25.546981811523438,3.2405192852020264
25.546977996826172,3.2405190467834473
25.54684066772461,3.240513563156128
25.546661376953125,3.240506649017334
25.546581268310547,3.2405035495758057
25.546443939208984,3.2404980659484863
25.54633903503418,3.2404940128326416
25.546329498291016,3.2404935359954834
25.545976638793945,3.2404799461364746
25.54580307006836,3.2404730319976807
25.545488357543945,3.2404606342315674
25.54532241821289,3.2404541969299316
25.54526710510254,3.2404520511627197
25.545185089111328,3.2404489517211914
25.545021057128906,3.2404425144195557
25.544748306274414,3.240431785583496
25.544660568237305,3.2404282093048096
25.544374465942383,3.240417003631592
25.544382095336914,3.24041748046875
25.54427719116211,3.240413188934326
25.544105529785156,3.2404065132141113
25.543935775756836,3.2403998374938965
25.543630599975586,3.2403879165649414
25.54351806640625,3.2403836250305176
25.543495178222656,3.240382671356201
25.54334831237793,3.2403769493103027
25.54318618774414,3.240370512008667
25.542987823486328,3.2403628826141357
25.542505264282227,3.2403440475463867
25.542451858520508,3.240341901779175
25.54241180419922,3.240340232849121
25.542261123657227,3.2403342723846436
25.542095184326172,3.240327835083008
25.54193687438965,3.240321636199951
25.54178237915039,3.2403156757354736
25.541790008544922,3.2403159141540527
25.541671752929688,3.24031138420105
25.541505813598633,3.240304708480835
25.541221618652344,3.2402937412261963
25.540971755981445,3.240283966064453
25.540864944458008,3.2402796745300293
25.540868759155273,3.2402799129486084
25.54060935974121,3.240269660949707
25.540451049804688,3.2402634620666504
25.540149688720703,3.2402517795562744
25.539997100830078,3.240245819091797
25.5399227142334,3.2402427196502686
25.53973960876465,3.2402355670928955
25.53959846496582,3.240230083465576
25.539255142211914,3.2402167320251465
25.539201736450195,3.2402145862579346
25.53907012939453,3.2402093410491943
25.53905487060547,3.240208864212036
25.539003372192383,3.240206718444824
25.538848876953125,3.2402007579803467
25.5386962890625,3.240194797515869
25.538543701171875,3.2401888370513916
25.53840446472168,3.2401833534240723
25.538419723510742,3.2401840686798096
25.538307189941406,3.2401795387268066
25.538009643554688,3.2401678562164307
25.537946701049805,3.2401654720306396
25.53769302368164,3.2401554584503174
25.537593841552734,3.2401516437530518
25.53761100769043,3.240152359008789
25.537155151367188,3.2401344776153564
25.537004470825195,3.240128517150879
25.536855697631836,3.2401227951049805
25.536714553833008,3.240117073059082
25.536645889282227,3.240114450454712
25.536415100097656,3.240105390548706
25.536285400390625,3.240100383758545
25.536149978637695,3.2400951385498047
25.53610610961914,3.240093469619751
25.535844802856445,3.2400832176208496
25.535680770874023,3.240076780319214
25.53550148010254,3.240069627761841
25.535364151000977,3.2400643825531006
25.53521728515625,3.240058660507202
25.535076141357422,3.2400529384613037
25.534940719604492,3.2400476932525635
25.534954071044922,3.2400481700897217
25.534666061401367,3.240036964416504
25.534521102905273,3.2400312423706055
25.53428840637207,3.2400221824645996
25.534217834472656,3.2400193214416504
25.534109115600586,3.2400152683258057
25.534141540527344,3.240016460418701
25.533910751342773,3.2400074005126953
25.533510208129883,3.2399916648864746
25.533370971679688,3.2399861812591553
25.53303337097168,3.2399730682373047
25.532936096191406,3.239969253540039
25.532806396484375,3.239964246749878
25.53269386291504,3.239959716796875
25.53255271911621,3.2399542331695557
25.53252601623535,3.23995304107666
25.532264709472656,3.239943027496338
25.532201766967773,3.2399404048919678
25.532222747802734,3.239941358566284
25.532108306884766,3.2399368286132812
25.53196907043457,3.239931344985962
25.531692504882812,3.2399206161499023
25.53156280517578,3.239915370941162
25.531509399414062,3.2399134635925293
25.531484603881836,3.239912271499634
25.531227111816406,3.2399022579193115
25.531099319458008,3.2398972511291504
25.53093147277832,3.2398908138275146
25.530820846557617,3.2398862838745117
25.530790328979492,3.239885091781616
25.530588150024414,3.239877223968506
25.530466079711914,3.239872455596924
25.530332565307617,3.2398672103881836
25.53019905090332,3.2398619651794434
25.530075073242188,3.2398571968078613
25.530073165893555,3.2398571968078613
25.530017852783203,3.2398548126220703
25.529897689819336,3.2398502826690674
25.52964973449707,3.239840507507324
25.52961540222168,3.2398390769958496
25.52950668334961,3.239834785461426
25.529518127441406,3.239835262298584
25.52948760986328,3.2398340702056885
25.529359817504883,3.2398290634155273
25.52923011779785,3.239824056625366
25.528905868530273,3.239811420440674
25.52863883972168,3.2398009300231934
25.52866554260254,3.2398018836975098
25.52859878540039,3.2397992610931396
25.52846908569336,3.2397942543029785
25.528182983398438,3.2397830486297607
25.528135299682617,3.239781141281128
25.527889251708984,3.239771604537964
25.527790069580078,3.239767551422119
25.527597427368164,3.239760160446167
25.527467727661133,3.239755153656006
25.527341842651367,3.2397501468658447
25.52707862854004,3.2397398948669434
25.526819229125977,3.239729642868042
25.526859283447266,3.2397313117980957
25.526782989501953,3.2397282123565674
25.526655197143555,3.2397232055664062
25.526580810546875,3.239720344543457
25.526391983032227,3.239712953567505
25.52629280090332,3.23970890045166
25.526203155517578,3.2397055625915527
25.526145935058594,3.2397031784057617
25.526025772094727,3.239698648452759
25.525901794433594,3.2396936416625977
25.525781631469727,3.2396888732910156
25.52547264099121,3.2396769523620605
25.525516510009766,3.2396786212921143
25.52544403076172,3.239675760269165
25.525318145751953,3.239670753479004
25.525245666503906,3.2396678924560547
25.52506446838379,3.2396609783172607
25.524965286254883,3.239656925201416
25.525020599365234,3.239659070968628
25.52497100830078,3.239657163619995
25.52484893798828,3.239652395248413
25.52473258972168,3.23964786529541
25.524473190307617,3.239637613296509
25.524364471435547,3.239633560180664
25.52425765991211,3.2396292686462402
25.52406120300293,3.239621639251709
25.523941040039062,3.239616870880127
25.523860931396484,3.2396137714385986
25.523832321166992,3.239612579345703
25.523536682128906,3.2396011352539062
25.52357292175293,3.239602565765381
25.52320671081543,3.2395880222320557
25.523096084594727,3.239583730697632
25.522836685180664,3.2395734786987305
25.522722244262695,3.2395691871643066
25.52261734008789,3.239564895629883
25.522632598876953,3.23956561088562
25.522592544555664,3.2395639419555664
25.522489547729492,3.2395598888397217
25.522396087646484,3.239556312561035
25.522380828857422,3.239555835723877
25.52214813232422,3.239546537399292
25.522001266479492,3.2395408153533936
25.52202033996582,3.239541530609131
25.52191734313965,3.239537477493286
25.521806716918945,3.2395331859588623
25.521697998046875,3.2395288944244385
25.521595001220703,3.2395248413085938
25.52142333984375,3.239518165588379
25.521284103393555,3.2395126819610596
25.520994186401367,3.239501476287842
25.52088165283203,3.239496946334839
25.52088737487793,3.239497184753418
25.520397186279297,3.23947811126709
25.520360946655273,3.2394766807556152
25.520204544067383,3.2394704818725586
25.519989013671875,3.239461898803711
25.519737243652344,3.2394521236419678
25.519628524780273,3.239447832107544
25.519521713256836,3.239443778991699
25.519451141357422,3.23944091796875
25.519500732421875,3.239442825317383
25.51942253112793,3.2394397258758545
25.51931381225586,3.2394356727600098
25.519132614135742,3.2394285202026367
25.519086837768555,3.239426612854004
25.518857955932617,3.239417791366577
25.518922805786133,3.239420175552368
25.518892288208008,3.2394189834594727
25.51844024658203,3.239401340484619
25.51813507080078,3.239389419555664
25.518033981323242,3.2393853664398193
25.51779556274414,3.2393760681152344
25.517812728881836,3.2393767833709717
25.51778793334961,3.2393758296966553
25.517698287963867,3.2393722534179688
25.51760482788086,3.2393686771392822
25.517606735229492,3.2393686771392822
25.51752281188965,3.239365339279175
25.51736068725586,3.239358901977539
25.517410278320312,3.239361047744751
25.5173282623291,3.2393577098846436
